LOCK TABLES `tariffs` WRITE;
INSERT INTO `tariffs`
VALUES (110001, 'Unlimited internet and 500 minutes of calls', 1, 'Super Tariff S', 39.99, _binary '\0'),
       (110002, 'Unlimited internet and 1000 minutes of calls', 0, 'Super Tariff M', 49.99, _binary '\0'),
       (110003, 'Unlimited internet and 3000 minutes of calls', 1, 'Super Tariff L', 59.99, _binary ''),
       (110004, 'Unlimited internet and 5000 minutes of calls', 0, 'Super Tariff XL', 69.99, _binary '\0'),
       (110005, 'Adapt it to your needs! 100 minutes/sms', 1, 'Basic S', 7, _binary '\0'),
       (110006, 'Adapt it to your needs! 200 minutes/sms', 1, 'Basic M', 10, _binary '\0'),
       (110007, 'Adapt it to your needs! 300 minutes/sms', 1, 'Basic L', 15, _binary '\0'),
       (110008, 'Adapt it to your needs! 400 minutes/sms', 1, 'Basic XL', 20, _binary '\0'),
       (110009, 'Call for free within SpringLine network!', 1, 'Spring Line Tariff', 0, _binary '\0'),
       (110010, 'Unlimited YouTube and social networks. 100 min and 3 Gb', 1, 'Young Tariff S', 14.99, _binary '\0'),
       (110011, 'Unlimited YouTube and social networks. 150 min and 5 Gb', 1, 'Young Tariff M', 19.99, _binary '\0'),
       (110012, 'Unlimited YouTube and social networks. 200 min and 7 Gb', 1, 'Young Tariff L', 24.99, _binary ''),
       (110013, 'Do not limit yourself: 3000 min, 10GB and YouTube Premium for three month', 1, 'Smart Top', 75,
        _binary '\0'),
       (110014, '200 SMS, 100 minutes of calls, 20 MMS', 1, 'Experience S', 5.99, _binary '\0'),
       (110015, '300 SMS, 100 minutes of calls, 50 MMS', 1, 'Experience M', 9.99, _binary '\0'),
       (110016, '400 SMS, 100 minutes of calls, 70 MMS', 1, 'Experience L', 14.99, _binary ''),
       (110017, '100 minutes/sms, 100 Mb', 1, 'All in One S', 9.99, _binary '\0'),
       (110018, '150 minutes/sms, 500 Mb', 1, 'All in One M', 14.99, _binary '\0'),
       (110019, '200 minutes/sms, 1 Gb', 1, 'All in One L', 19.99, _binary '\0'),
       (110020, '200 minutes/sms, 1 Gb in December', 0, 'Christmas Tariff', 9.99, _binary '\0');
UNLOCK TABLES;

LOCK TABLES `options` WRITE;
INSERT INTO `options`
VALUES (220001, 'You can add internet volume if it is not enough', 1, 'Extend speed 100 Mb', 0, 3),
       (220002, 'You can add internet volume if it is not enough', 1, 'Extend speed 500 Mb', 0, 5),
       (220003, 'You can add internet volume if it is not enough', 1, 'Extend speed 5 Gb', 0, 15),
       (220004, 'Get 5 more Gb automatically if your package finishes twice cheaper!', 1, 'Autoextension 5GB', 0, 7.5),
       (220005, 'You can add internet volume if it is not enough', 1, 'Extend speed 10 GB', 0, 19.5),
       (220006, 'Get 10 more Gb automatically if your package finishes twice cheaper!', 1, 'Autoextension 10 GB', 0,
        10.25),
       (220007, 'Try YouTube Premium for 3 month for free!', 1, 'YouTube Premium subscription', 0, 0),
       (220008, 'invalid', 0, 'Extend speed 20 GB', 0, 30.99),
       (220009, 'invalid', 0, '50 SMS in one day', 3, 0.99),
       (220010, 'Sometimes it is more convinient to write than to call', 1, '100 SMS in one day', 3.99, 0.99),
       (220011, 'Use SMS to express your thoughts', 1, '200 SMS in one day', 6.99, 0.99),
       (220012, 'Use SMS to express your thoughts', 1, '300 SMS in one day', 9.99, 0.99),
       (220013, 'Forbid undesirable phone numbers', 1, 'Forbid undesirable calls', 2.99, 0.99),
       (220014, '', 1, 'See who called you', 0.99, 0),
       (220015, 'Be online even abroad!', 1, 'Roaming', 0, 0),
       (220016, 'Stay connected with your relatives and friends via internet', 1, '40 Mb for day', 14.99, 3),
       (220017, 'Receive calls from abroad', 1, 'Free incoming calls in roaming', 0, 5),
       (220018, 'Call within the country or abroad', 1, '20 min calls for day', 9.99, 3),
       (220019, 'Send up to 3 SMS per day', 1, '3 SMS per day', 4.99, 3),
       (220020, 'Bored of ring signal? Choose your own music!', 1, 'Change call music', 0.99, 3.99),
       (220021, 'Never loose connection even if you are under balance!', 1, 'Auto payment', 0, 0),
       (220022, '', 1, 'One favorite number', 0.99, 0.99),
       (220023, '', 1, 'Three favorite numbers', 2.5, 2.5),
       (220024, '', 1, 'Five favorite numbers', 3.99, 3.99),
       (220025, 'Do not get lost with a person! You can always find out his location.', 0, 'Locator 1 person', 0.99, 0),
       (220026, 'Do not get lost with people! You can always find out their location.', 1, 'Locator 3 people', 2.5, 0),
       (220027, 'Do not get lost with people! You can always find out their location.', 1, 'Locator 5 people', 3.99, 0),
       (220028,
        'It is not a problem now if you are not available. You can listen all missed messeges. Message up to 60 sec', 1,
        'Basic voice messages', 0, 0),
       (220029,
        'It is not a problem now if you are not available. You can listen all missed messeges. Message up to 90 sec', 1,
        'Voice messages', 2, 2),
       (220030,
        'It is not a problem now if you are not available. You can listen all missed messeges. Message up to 120 sec',
        1, 'Voice messages+', 3, 3),
       (220031, '50% discount on MMS', 1, 'MMS+', 1.5, 1.99),
       (220032, '30% discount on MMS', 1, 'MMS+', 1.5, 1.99),
       (220033, 'Love to send photos. Activate package and get 10 MMS with a discount', 1, '10 MMS package', 0, 2.99),
       (220035, '', 1, '200 Minutes', 0, 4.99),
       (220036, '', 1, '400 Minutes', 0, 6.99),
       (220037, '', 1, '700 Minutes', 0, 11.99),
       (220038, '', 1, '1000 Minutes', 0, 13.99),
       (220039, '', 1, '3000 Minutes', 0, 25.99),
       (220040, '', 1, '500 Mb', 3.99, 0),
       (220041, '', 1, '1 Gb', 7.99, 0),
       (220042, '', 1, '5 Gb', 12.99, 0),
       (220043, '', 1, '10 Gb', 15.99, 0);
UNLOCK TABLES;

LOCK TABLES `option_groups` WRITE;
/*!40000 ALTER TABLE `option_groups`
    DISABLE KEYS */;
INSERT INTO `option_groups`
VALUES (330001, 'Choose suitable internet package', 1, 'Internet Package'),
       (330002, 'Choose suitable internet package', 1, 'SMS package'),
       (330003, 'Choose suitable voice messages settings', 1, 'Voice Messages'),
       (330004, 'Choose suitable MMS package', 1, 'MMS package'),
       (330005, 'Get additional internet volume per month', 1, 'Internet Volume'),
       (330006, 'Choose quantity of numbers to call them for free', 1, 'Favorite Numbers'),
       (330007, 'Additional minutes to your basic tariff proposal', 1, 'Autoextension of minutes'),
       (330008, 'Communicate effectively across country', 0, 'Intercity'),
       (330009, 'Best tarrifs during Christmas time', 0, 'Christmas'),
       (330010, 'Best Offers for Easter holiday', 0, 'Easter'),
       (330012, '', 0, 'Test group');
/*!40000 ALTER TABLE `option_groups`
    ENABLE KEYS */;
UNLOCK TABLES;

LOCK TABLES `tariffs_options` WRITE;
/*!40000 ALTER TABLE `tariffs_options`
    DISABLE KEYS */;
INSERT INTO `tariffs_options`
VALUES (110005, 220001),
       (110006, 220001),
       (110007, 220001),
       (110008, 220001),
       (110005, 220002),
       (110006, 220002),
       (110007, 220002),
       (110008, 220002),
       (110005, 220003),
       (110006, 220003),
       (110007, 220003),
       (110008, 220003),
       (110013, 220003),
       (110005, 220004),
       (110006, 220004),
       (110007, 220004),
       (110008, 220004),
       (110013, 220004),
       (110005, 220005),
       (110006, 220005),
       (110007, 220005),
       (110008, 220005),
       (110013, 220005),
       (110005, 220006),
       (110006, 220006),
       (110007, 220006),
       (110008, 220006),
       (110013, 220006),
       (110005, 220007),
       (110006, 220007),
       (110007, 220007),
       (110008, 220007),
       (110009, 220007),
       (110005, 220008),
       (110001, 220009),
       (110002, 220009),
       (110010, 220009),
       (110001, 220010),
       (110002, 220010),
       (110010, 220010),
       (110001, 220011),
       (110002, 220011),
       (110003, 220011),
       (110011, 220011),
       (110001, 220012),
       (110002, 220012),
       (110003, 220012),
       (110012, 220012),
       (110013, 220012),
       (110001, 220013),
       (110002, 220013),
       (110003, 220013),
       (110009, 220013),
       (110012, 220013),
       (110014, 220013),
       (110015, 220013),
       (110016, 220013),
       (110001, 220014),
       (110002, 220014),
       (110003, 220014),
       (110005, 220014),
       (110009, 220014),
       (110014, 220014),
       (110015, 220014),
       (110016, 220014),
       (110001, 220015),
       (110002, 220015),
       (110003, 220015),
       (110004, 220015),
       (110005, 220015),
       (110006, 220015),
       (110007, 220015),
       (110008, 220015),
       (110009, 220015),
       (110010, 220015),
       (110011, 220015),
       (110012, 220015),
       (110013, 220015),
       (110017, 220015),
       (110018, 220015),
       (110019, 220015),
       (110002, 220016),
       (110003, 220016),
       (110005, 220016),
       (110006, 220016),
       (110007, 220016),
       (110008, 220016),
       (110010, 220016),
       (110011, 220016),
       (110012, 220016),
       (110013, 220016),
       (110017, 220016),
       (110018, 220016),
       (110019, 220016),
       (110002, 220017),
       (110003, 220017),
       (110005, 220017),
       (110006, 220017),
       (110007, 220017),
       (110008, 220017),
       (110009, 220017),
       (110010, 220017),
       (110017, 220017),
       (110018, 220017),
       (110019, 220017),
       (110002, 220018),
       (110003, 220018),
       (110005, 220018),
       (110006, 220018),
       (110007, 220018),
       (110008, 220018),
       (110009, 220018),
       (110010, 220018),
       (110011, 220018),
       (110012, 220018),
       (110013, 220018),
       (110017, 220018),
       (110018, 220018),
       (110019, 220018),
       (110002, 220019),
       (110003, 220019),
       (110005, 220019),
       (110006, 220019),
       (110007, 220019),
       (110008, 220019),
       (110010, 220019),
       (110014, 220019),
       (110018, 220019),
       (110019, 220019),
       (110002, 220020),
       (110003, 220020),
       (110010, 220020),
       (110011, 220020),
       (110017, 220020),
       (110019, 220020),
       (110001, 220021),
       (110002, 220021),
       (110003, 220021),
       (110005, 220021),
       (110006, 220021),
       (110007, 220021),
       (110009, 220021),
       (110010, 220021),
       (110012, 220021),
       (110014, 220021),
       (110015, 220021),
       (110001, 220022),
       (110002, 220022),
       (110005, 220022),
       (110006, 220022),
       (110010, 220022),
       (110011, 220022),
       (110012, 220022),
       (110002, 220023),
       (110003, 220023),
       (110007, 220023),
       (110010, 220023),
       (110011, 220023),
       (110012, 220023),
       (110003, 220024),
       (110008, 220024),
       (110010, 220024),
       (110011, 220024),
       (110012, 220024),
       (110013, 220024),
       (110001, 220025),
       (110002, 220025),
       (110003, 220025),
       (110005, 220025),
       (110006, 220025),
       (110002, 220026),
       (110003, 220026),
       (110006, 220026),
       (110007, 220026),
       (110008, 220026),
       (110003, 220027),
       (110008, 220027),
       (110013, 220027),
       (110001, 220028),
       (110002, 220028),
       (110003, 220028),
       (110005, 220028),
       (110009, 220028),
       (110014, 220028),
       (110015, 220028),
       (110016, 220028),
       (110001, 220029),
       (110002, 220029),
       (110003, 220029),
       (110005, 220029),
       (110009, 220029),
       (110014, 220029),
       (110015, 220029),
       (110016, 220029),
       (110002, 220030),
       (110003, 220030),
       (110005, 220030),
       (110009, 220030),
       (110013, 220030),
       (110014, 220030),
       (110015, 220030),
       (110016, 220030),
       (110014, 220031),
       (110015, 220031),
       (110016, 220031),
       (110001, 220032),
       (110002, 220032),
       (110003, 220032),
       (110013, 220032),
       (110001, 220033),
       (110002, 220033),
       (110003, 220033),
       (110013, 220033),
       (110014, 220033),
       (110015, 220033),
       (110016, 220033),
       (110010, 220035),
       (110014, 220035),
       (110015, 220035),
       (110016, 220035),
       (110010, 220036),
       (110014, 220036),
       (110015, 220036),
       (110016, 220036),
       (110001, 220037),
       (110014, 220037),
       (110015, 220037),
       (110016, 220037),
       (110001, 220038),
       (110002, 220038),
       (110014, 220038),
       (110015, 220038),
       (110016, 220038),
       (110001, 220039),
       (110002, 220039),
       (110003, 220039),
       (110013, 220039),
       (110005, 220040),
       (110006, 220040),
       (110007, 220040),
       (110005, 220041),
       (110006, 220041),
       (110007, 220041),
       (110008, 220041),
       (110005, 220042),
       (110006, 220042),
       (110007, 220042),
       (110008, 220042),
       (110005, 220043),
       (110006, 220043),
       (110007, 220043),
       (110008, 220043),
       (110013, 220043),
       (110017, 220043),
       (110018, 220043);
/*!40000 ALTER TABLE `tariffs_options`
       ENABLE KEYS */;
UNLOCK TABLES;

LOCK TABLES `options_options` WRITE;
/*!40000 ALTER TABLE `options_options`
    DISABLE KEYS */;
INSERT INTO `options_options`
VALUES (220003, 220004),
       (220005, 220006),
       (220005, 220007),
       (220015, 220016),
       (220015, 220017),
       (220015, 220018),
       (220015, 220019),
       (220022, 220025),
       (220023, 220026),
       (220024, 220027);
/*!40000 ALTER TABLE `options_options`
    ENABLE KEYS */;
UNLOCK TABLES;

LOCK TABLES `options_optiongroups` WRITE;
/*!40000 ALTER TABLE `options_optiongroups`
    DISABLE KEYS */;
INSERT INTO `options_optiongroups`
VALUES (330001, 220001),
       (330001, 220002),
       (330001, 220003),
       (330001, 220005),
       (330002, 220011),
       (330002, 220012),
       (330003, 220028),
       (330003, 220029),
       (330003, 220030),
       (330004, 220031),
       (330004, 220032),
       (330004, 220033),
       (330005, 220040),
       (330005, 220043),
       (330006, 220022),
       (330006, 220023),
       (330006, 220024),
       (330007, 220037),
       (330007, 220038),
       (330007, 220039);
/*!40000 ALTER TABLE `options_optiongroups`
       ENABLE KEYS */;
UNLOCK TABLES;

LOCK TABLES `free_phone_numbers` WRITE;
/*!40000 ALTER TABLE `free_phone_numbers`
    DISABLE KEYS */;
INSERT INTO `free_phone_numbers`
VALUES (4917620389546),
       (4917620392679),
       (4917620433200),
       (4917620450550),
       (4917620499300),
       (4917620500740),
       (4917620508657),
       (4917620513861),
       (4917620550850),
       (4917620570512),
       (4917620591822),
       (4917620597961),
       (4917620612356),
       (4917620614448),
       (4917620619671),
       (4917620662411),
       (4917620701837),
       (4917620751504),
       (4917620770539),
       (4917620824032),
       (4917620838962),
       (4917620875640),
       (4917620923927),
       (4917620927577),
       (4917620928074),
       (4917620946186),
       (4917620956966),
       (4917621000352),
       (4917621045656),
       (4917621052698),
       (4917621079023),
       (4917621084633),
       (4917621091328),
       (4917621095546),
       (4917621120954),
       (4917621205756),
       (4917621211692),
       (4917621221669),
       (4917621228044),
       (4917621231702),
       (4917621237700),
       (4917621239796),
       (4917621261243),
       (4917621264410),
       (4917621318126),
       (4917621318644),
       (4917621319134),
       (4917621355415),
       (4917621363163),
       (4917621375774),
       (4917621398430),
       (4917621400230),
       (4917621432780),
       (4917621452845),
       (4917621464848),
       (4917621480780),
       (4917621490313),
       (4917621500895),
       (4917621504463),
       (4917621510741),
       (4917621533481),
       (4917621566511),
       (4917621586429),
       (4917621639702),
       (4917621668784),
       (4917621685083),
       (4917621691252),
       (4917621695698),
       (4917621700732),
       (4917621710426),
       (4917621720450),
       (4917621738310),
       (4917621763097),
       (4917621770545),
       (4917621809193),
       (4917621810534),
       (4917621872892),
       (4917621877849),
       (4917621903235),
       (4917621908825),
       (4917621910650),
       (4917621923487),
       (4917621934580),
       (4917621941866),
       (4917621941999),
       (4917621950472),
       (4917622013151),
       (4917622026348),
       (4917622029905),
       (4917622037079),
       (4917622090118),
       (4917622108055),
       (4917622116726),
       (4917622119518),
       (4917622137367),
       (4917622151327),
       (4917622185716),
       (4917622215040),
       (4917622221814),
       (4917622245921),
       (4917622282891),
       (4917622297225),
       (4917622305816),
       (4917622332644),
       (4917622339190),
       (4917622347259),
       (4917622353640),
       (4917622363472),
       (4917622391845),
       (4917622399473),
       (4917622441206),
       (4917622460048),
       (4917622488144),
       (4917622509102),
       (4917622548997),
       (4917622588114),
       (4917622603772),
       (4917622623563),
       (4917622625417),
       (4917622626649),
       (4917622655683),
       (4917622671531),
       (4917622758621),
       (4917622774151),
       (4917622774868),
       (4917622774980),
       (4917622801700),
       (4917622876993),
       (4917622918649),
       (4917622972201),
       (4917622988017),
       (4917623023619),
       (4917623031828),
       (4917623059997),
       (4917623084623),
       (4917623099228),
       (4917623130325),
       (4917623141438),
       (4917623142685),
       (4917623184134),
       (4917623200497),
       (4917623201116),
       (4917623228286),
       (4917623228491),
       (4917623252654),
       (4917623277059),
       (4917623299048),
       (4917623310921),
       (4917623379201),
       (4917623383314),
       (4917623407569),
       (4917623423743),
       (4917623467709),
       (4917623506806),
       (4917623571900),
       (4917623580354),
       (4917623606169),
       (4917623612732),
       (4917623613831),
       (4917623624789),
       (4917623642153),
       (4917623690373),
       (4917623696241),
       (4917623702487),
       (4917623705803),
       (4917623714892),
       (4917623729789),
       (4917623735221),
       (4917623751837),
       (4917623756702),
       (4917623775107),
       (4917623788865),
       (4917623815470),
       (4917623818143),
       (4917623870856),
       (4917623877079),
       (4917623918946),
       (4917623926232),
       (4917623964861),
       (4917623991228),
       (4917623992711),
       (4917623999151),
       (4917624004151),
       (4917624040827),
       (4917624049349),
       (4917624049656),
       (4917624054497),
       (4917624094204),
       (4917624103574),
       (4917624109197),
       (4917624125994),
       (4917624126206),
       (4917624146760),
       (4917624177877),
       (4917624179547),
       (4917624183049),
       (4917624187293),
       (4917624191423),
       (4917624244021),
       (4917624251833),
       (4917624252444),
       (4917624312598),
       (4917624332334),
       (4917624385734),
       (4917624398176),
       (4917624400862),
       (4917624405812),
       (4917624412533),
       (4917624418349),
       (4917624418761),
       (4917624480860),
       (4917624515227),
       (4917624528244),
       (4917624530437),
       (4917624543606),
       (4917624558400),
       (4917624563271),
       (4917624565038),
       (4917624574276),
       (4917624576380),
       (4917624593650),
       (4917624596939),
       (4917624656199),
       (4917624675132),
       (4917624682694),
       (4917624717825),
       (4917624721338),
       (4917624740005),
       (4917624748337),
       (4917624764398),
       (4917624791604),
       (4917624792814),
       (4917624833001),
       (4917624876797),
       (4917624917018),
       (4917624917476),
       (4917624936901),
       (4917624939207),
       (4917624971390),
       (4917624975000),
       (4917624990957),
       (4917625036764),
       (4917625051964),
       (4917625063437),
       (4917625068176),
       (4917625098096),
       (4917625111768),
       (4917625117609),
       (4917625154956),
       (4917625170573),
       (4917625172133),
       (4917625189310),
       (4917625201949),
       (4917625204294),
       (4917625212862),
       (4917625234160),
       (4917625281412),
       (4917625333266),
       (4917625335993),
       (4917625341311),
       (4917625347578),
       (4917625351881),
       (4917625373494),
       (4917625398224),
       (4917625428236),
       (4917625446196),
       (4917625468727),
       (4917625472811),
       (4917625482965),
       (4917625548234),
       (4917625553682),
       (4917625560884),
       (4917625562412),
       (4917625591173),
       (4917625600165),
       (4917625604212),
       (4917625631922),
       (4917625684080),
       (4917625709048),
       (4917625719979),
       (4917625722784),
       (4917625759641),
       (4917625807314),
       (4917625818176),
       (4917625850175),
       (4917625864670),
       (4917625882309),
       (4917625888725),
       (4917625950948),
       (4917625972823),
       (4917626012521),
       (4917626029582),
       (4917626033431),
       (4917626037033),
       (4917626046478),
       (4917626068552),
       (4917626079075),
       (4917626106844),
       (4917626133292),
       (4917626193336),
       (4917626199212),
       (4917626209612),
       (4917626222457),
       (4917626281611),
       (4917626296380),
       (4917626338081),
       (4917626345321),
       (4917626382342),
       (4917626386716),
       (4917626416994),
       (4917626432655),
       (4917626453957),
       (4917626465600),
       (4917626468074),
       (4917626482475),
       (4917626485582),
       (4917626532014),
       (4917626558402),
       (4917626568118),
       (4917626603287),
       (4917626625737),
       (4917626627411),
       (4917626638265),
       (4917626651788),
       (4917626658748),
       (4917626696811),
       (4917626710336),
       (4917626746388),
       (4917626761663),
       (4917626849439),
       (4917626864692),
       (4917626917694),
       (4917626942689),
       (4917626966651),
       (4917626974226),
       (4917626993885),
       (4917627003183),
       (4917627010257),
       (4917627042300),
       (4917627067449),
       (4917627080787),
       (4917627100984),
       (4917627106276),
       (4917627138684),
       (4917627149821),
       (4917627169336),
       (4917627190492),
       (4917627206575),
       (4917627207169),
       (4917627244597),
       (4917627274183),
       (4917627279963),
       (4917627316757),
       (4917627412241),
       (4917627421793),
       (4917627440218),
       (4917627451174),
       (4917627480122),
       (4917627482812),
       (4917627527898),
       (4917627539384),
       (4917627552223),
       (4917627574651),
       (4917627587015),
       (4917627610071),
       (4917627611146),
       (4917627625212),
       (4917627645625),
       (4917627651395),
       (4917627673326),
       (4917627695551),
       (4917627713198),
       (4917627714395),
       (4917627723245),
       (4917627766720),
       (4917627818225),
       (4917627847218),
       (4917627869363),
       (4917627909590),
       (4917627917192),
       (4917627921818),
       (4917627935865),
       (4917627952648),
       (4917627962283),
       (4917627988689),
       (4917628010588),
       (4917628018416),
       (4917628022140),
       (4917628033240),
       (4917628047564),
       (4917628074779),
       (4917628076049),
       (4917628076524),
       (4917628176755),
       (4917628187567),
       (4917628187942),
       (4917628216815),
       (4917628218429),
       (4917628223884),
       (4917628224385),
       (4917628238602),
       (4917628259010),
       (4917628259455),
       (4917628272820),
       (4917628295697),
       (4917628302375),
       (4917628321305),
       (4917628323401),
       (4917628339262),
       (4917628345761),
       (4917628351389),
       (4917628395869),
       (4917628396171),
       (4917628408609),
       (4917628447401),
       (4917628458396),
       (4917628470943),
       (4917628471063),
       (4917628480401),
       (4917628501414),
       (4917628579097),
       (4917628593033),
       (4917628594037),
       (4917628684151),
       (4917628799574),
       (4917628866899),
       (4917628886068),
       (4917628891403),
       (4917628935230),
       (4917628946077),
       (4917628968817),
       (4917628998662),
       (4917629006607),
       (4917629017061),
       (4917629053400),
       (4917629057036),
       (4917629078472),
       (4917629090023),
       (4917629099274),
       (4917629110956),
       (4917629134179),
       (4917629154916),
       (4917629177540),
       (4917629178541),
       (4917629182188),
       (4917629192230),
       (4917629235199),
       (4917629237010),
       (4917629244517),
       (4917629266321),
       (4917629285080),
       (4917629292287),
       (4917629300772),
       (4917629346319),
       (4917629346994),
       (4917629460229),
       (4917629479351),
       (4917629482498),
       (4917629500856),
       (4917629508032),
       (4917629546346),
       (4917629576553),
       (4917629620117),
       (4917629637781),
       (4917629642517),
       (4917629692377),
       (4917629734168),
       (4917629747128),
       (4917629750842),
       (4917629753267),
       (4917629761980),
       (4917629811264),
       (4917629889552),
       (4917629926141),
       (4917629949186),
       (4917629954536),
       (4917629979424);
/*!40000 ALTER TABLE `free_phone_numbers`
    ENABLE KEYS */;
UNLOCK TABLES;

